0.000000,1
102.456001,2
206.182007,3
206.341980,4
308.551025,5
308.885986,6
308.987976,7
309.460999,8
411.250000,9
411.440002,10
411.504028,11
411.577026,12
414.093018,13
414.257996,14
414.353027,15
414.463013,16
517.994019,17
518.208984,18
518.471008,19
518.687012,20
518.808960,21
518.901001,22
518.983032,23
519.068970,24
519.162964,25
519.260010,26
519.455994,27
519.609985,28
519.734985,29
519.817993,30
519.942017,31
520.031006,32
622.375000,33
622.588013,34
622.671997,35
622.743042,36
622.821045,37
622.911987,38
623.021973,39
623.103027,40
623.289001,41
623.416992,42
623.525024,43
623.651001,44
623.984985,45
624.098022,46
624.218994,47
624.323975,48
624.422974,49
624.535034,50
624.653992,51
624.832031,52
624.971008,53
625.077026,54
625.191040,55
625.468994,56
625.587036,57
625.903015,58
626.005005,59
626.144043,60
626.250000,61
626.355957,62
626.490967,63
626.610962,64
726.323975,64
726.551025,64
726.631958,64
726.707031,64
726.894043,64
727.033997,64
727.125977,64
727.203979,64
727.271973,64
727.328003,64
727.389038,64
727.443970,64
727.516968,64
727.598022,64
727.656982,64
727.714966,64
727.776978,64
727.833008,64
727.926025,64
728.062012,64
728.141968,64
728.200012,64
728.320007,64
728.407959,64
728.474976,64
728.532959,64
728.604980,64
728.696045,64
729.417969,64
729.536011,64
729.614014,64
729.671997,64
729.729980,64
836.375977,1
942.138000,1
942.455017,2
942.489014,2
942.513000,3
942.536987,3
942.560974,3
942.585022,3
942.608032,4
942.632019,4
942.656006,4
942.700012,5
942.723999,5
942.747009,5
942.770996,5
942.809021,5
942.833008,6
942.859009,6
942.896973,6
942.921997,6
942.945007,6
942.984985,6
943.007996,7
943.031006,7
943.148010,7
943.171997,7
943.195007,7
943.237000,7
943.260986,7
943.286011,8
943.309021,8
943.348022,8
943.372009,8
943.395020,8
943.432983,8
943.457031,8
943.479980,8
943.518982,9
943.544006,9
943.567017,9
943.606018,9
943.630981,9
943.667969,9
943.692993,9
943.718018,9
943.762024,9
943.796997,10
943.822998,10
943.846008,10
943.885986,10
943.909973,10
943.934021,10
943.969971,10
944.056030,10
944.109009,10
944.132996,10
944.156006,11
944.193970,11
944.231018,11
944.270996,11
944.294006,11
944.333984,11
944.356995,11
944.382019,11
944.417969,11
944.455994,11
944.479980,11
1047.545044,12
1047.710938,12
1047.790039,12
1047.865967,12
1048.039062,12
1048.150024,12
1048.225952,12
1048.312012,12
1048.422974,12
1048.514038,12
1048.612061,12
1048.689941,12
1150.908936,13
1151.218994,13
1151.320068,13
1151.505005,13
1151.602051,13
1151.703979,13
1151.780029,13
1151.856934,13
1151.949951,13
1152.164062,13
1152.303955,13
1152.432983,13
1152.557007,14
1254.270020,14
1254.421021,14
1254.505005,14
1254.562012,14
1254.728027,14
1255.009033,14
1255.102051,14
1255.165039,14
1255.254028,14
1255.325928,14
1255.390991,14
1255.480957,14
1255.554932,14
1255.636963,15
1255.749023,15
1357.583984,15
1357.757080,15
1465.135010,1
1571.182007,2
1571.217041,3
1571.240967,4
1571.262939,5
1571.285034,6
1571.306030,7
1571.327026,7
1571.354004,7
1571.393066,7
1571.414062,7
1571.435059,7
1571.456055,7
1571.478027,7
1571.515015,8
1571.550049,8
1571.656006,8
1572.244019,1
1675.573975,2
1675.907959,3
1675.956055,4
1675.994995,4
1676.237061,4
1676.394043,4
1676.546021,5
1676.687012,5
1677.466064,5
1779.801025,5
1779.978027,5
1780.062012,5
1780.168945,6
1780.269043,6
1780.353027,6
1882.508057,6
1882.722046,6
1882.975952,7
1883.130981,7
1883.196045,7
1883.259033,7
1883.437988,7
1985.920044,7
1986.073975,7
1986.159058,8
1986.265991,8
1986.332031,8
1986.420044,8
1986.479980,8
1986.654053,8
2089.475098,8
2089.690918,8
2089.768066,9
2089.910889,9
2090.000977,9
2090.160889,9
2090.294922,9
2090.381104,9
2090.467041,9
2192.511963,9
2192.741943,9
2192.818848,10
2192.937012,10
2193.011963,10
2193.078125,10
2193.142090,10
2193.654053,10
2193.816895,10
2193.920898,10
2297.113037,10
2297.274902,10
2297.515137,11
2297.787109,11
2297.865967,11
2298.021973,11
2298.101074,11
2298.196045,11
2405.672852,1
2509.934082,2
2509.963867,3
2509.980957,4
2509.998047,5
2510.028076,5
2510.044922,5
2510.062012,5
2510.078125,5
2510.105957,5
2510.122070,6
2510.138916,6
2510.272949,6
2614.007080,6
2614.166016,6
2614.230957,7
2614.337891,7
2614.414062,7
2614.490967,7
2614.560059,7
2717.854004,7
2718.027100,7
2718.097900,8
2718.197998,8
2718.261963,8
2718.324951,8
2718.423096,8
2718.606934,8
2822.218018,8
2822.389893,8
2822.455078,9
2822.542969,9
2822.599121,9
2822.664062,9
2822.798096,9
2822.886963,9
2822.954102,9
2925.584961,9
2926.160889,9
2926.364990,10
2926.521973,10
2926.843018,10
2926.978027,10
2927.079102,10
2927.203125,10
2927.365967,10
2927.492920,10
3027.533936,10
3027.673096,10
3027.791016,11
3027.989990,11
3034.112061,11
3034.246094,11
3034.300049,11
3034.394043,11
3034.457031,11
3034.506104,11
3034.729004,11
3130.000977,11
3130.145996,11
3130.246094,12
3130.337891,12
3130.414062,12
3139.334961,12
3139.450928,12
3139.553955,12
3139.790039,12
3139.896973,12
3139.972900,12
3140.032959,12
3232.247070,12
3232.520996,12
3232.725098,13
3233.685059,13
3233.897949,13
3233.967041,13
3243.302002,13
3244.246094,13
3244.697021,13
3245.082031,13
3245.696045,13
3246.003906,13
3246.253906,13
3334.978027,13
3335.116943,13
3335.188965,14
3335.876953,14
3336.052979,14
3445.563965,1
3549.468018,2
3549.513916,3
3549.552002,4
3549.593018,5
3549.617920,6
3549.643066,7
3549.683105,7
3549.708008,7
3549.731934,7
3549.770996,7
3549.794922,7
3549.821045,7
3549.859863,7
3549.977051,8
3550.002930,8
3652.149902,8
3652.231934,8
3652.280029,8
3652.313965,8
3652.513916,8
3652.627930,9
3652.718018,9
3652.783936,9
3652.840088,9
3757.579102,9
3757.698975,9
3757.842041,9
3757.979980,9
3758.048096,9
3758.111084,10
3758.208008,10
3758.271973,10
3758.343018,10
3758.406006,10
3861.807129,10
3861.927979,10
3862.103027,10
3862.320068,10
3862.414062,10
3862.481934,11
3862.695068,11
3862.785889,11
3862.882080,11
3862.968018,11
3863.052002,11
3968.365967,11
3968.514893,11
3968.691895,11
3968.771973,11
3968.839111,11
3968.915039,12
3969.885986,12
3970.010986,12
3970.080078,12
3970.144043,12
3970.216064,12
3970.280029,12
4074.186035,12
4074.364014,12
4074.459961,12
4074.548096,12
4074.657959,12
4075.220947,13
4075.462891,13
4075.561035,13
4075.668945,13
4075.802002,13
4075.904053,13
4076.138916,13
4076.239014,13
4177.805176,13
4177.939941,13
4177.993164,13
4178.038086,13
4178.090820,13
4178.135742,14
4178.596191,14
4178.809082,14
4180.180176,14
4180.300781,14
4180.365234,14
4180.520020,14
4180.583984,14
4180.665039,14
4279.658203,14
4279.800781,14
4279.874023,14
4279.960938,14
4280.355957,14
4280.612793,15
4280.709961,15
4280.791992,15
4280.881836,15
4283.281250,15
4283.430176,15
4283.501953,15
4283.586914,15
4284.041992,15
4284.175781,15
4381.977051,15
4382.246094,15
4382.347168,15
4382.436035,15
4382.532227,15
4382.959961,16
4383.149902,16
4383.389160,16
4384.225098,16
4384.403809,16
4388.615234,16
4388.833984,16
4389.038086,16
4389.125000,16
4389.320801,16
4389.411133,16
4485.173828,16
4485.604004,16
4485.712891,16
4485.796875,16
4486.129883,16
4486.264160,17
4486.616211,17
4486.725098,17
4486.823242,17
4486.890137,17
4487.116211,17
4494.435059,17
4494.646973,17
4494.740234,17
4494.860840,17
4494.924805,17
4495.013184,17
4588.463867,17
4588.606934,17
4588.700195,17
4588.765137,17
4588.834961,17
4588.904785,18
4588.983887,18
4589.064941,18
4589.122070,18
4589.412109,18
4589.499023,18
4589.562012,18
4597.434082,18
4597.585938,18
4597.652832,18
4597.720215,18
4597.789062,18
4597.849121,18
4691.229980,18
4691.674805,18
4691.856934,18
4692.043945,18
4692.126953,18
4692.190918,19
4692.279785,19
4692.426758,19
4692.517090,19
4692.576172,19
4693.144043,19
4693.264160,19
4693.476074,19
4700.361816,19
4700.522949,19
4700.577148,19
4700.651855,19
4700.695801,19
4700.740234,19
4794.471191,19
4794.732910,19
4794.812012,19
4794.896973,19
4795.117188,19
4795.461914,20
4795.880859,20
4795.970215,20
4796.039062,20
4796.105957,20
4796.241211,20
4796.521973,20
4796.601074,20
4796.686035,20
4802.472168,20
4803.529785,20
4804.630859,20
4807.300781,20
4807.411133,20
4807.536133,20
4898.408203,20
4898.581055,20
4898.724121,20
4898.812988,20
4901.788086,20
4902.084961,21
5013.407227,1
5117.461914,2
5117.504883,3
5117.529785,4
5117.554199,5
5117.857910,6
5117.881836,7
5117.905762,8
5117.931152,9
5117.974121,10
5118.000000,10
5118.023926,10
5118.048828,10
5118.086914,10
5118.111816,10
5118.137207,10
5118.174805,10
5118.200195,10
5118.237793,10
5118.263184,11
5118.375000,11
5118.399902,11
5546.317871,1
5650.283203,2
5650.323242,3
5650.348145,4
5650.372070,5
5650.396973,5
5650.420898,5
5650.444824,5
5650.470215,5
5650.494141,5
5650.518066,6
5650.541992,6
5650.565918,6
5754.595215,6
5754.752930,6
5754.835938,7
5754.917969,7
5755.019043,7
5755.080078,7
5755.153809,7
5858.080078,7
5858.244141,7
5858.339844,8
5858.434082,8
5858.504883,8
5858.611816,8
5858.695801,8
5858.789062,8
5962.452148,8
5962.609863,8
5962.729980,9
5962.855957,9
5965.273926,9
5965.481934,9
5965.655762,9
5965.748047,9
5965.821777,9
6065.106934,9
6065.644043,9
6065.799805,10
6066.028809,10
6066.130859,10
6068.167969,10
6068.333008,10
6068.636230,10
6068.764160,10
6068.847168,10
6167.782227,10
6168.125977,10
6168.285156,11
6168.576172,11
6169.005859,11
6169.141113,11
6169.502930,11
6169.602051,11
6169.691895,11
6171.283203,11
6171.408203,11
6271.484863,11
6271.693848,11
6271.791016,12
6271.892090,12
6271.987793,12
6272.051758,12
6272.135742,12
6272.236816,12
6272.549805,12
6272.706055,12
6274.062012,12
6274.339844,12
6374.267090,12
6374.430176,12
6374.491211,13
6374.609863,13
6374.665039,13
6374.723145,13
6374.791016,13
6374.840820,13
6374.917969,13
6375.185059,13
6375.275879,13
6376.367188,13
6376.489258,13
6477.913086,13
6478.110840,13
6478.184082,14
6478.284180,14
6478.349121,14
6478.418945,14
6478.569824,14
6478.637207,14
6478.737793,14
6478.804199,14
6478.868164,14
6478.938965,14
6479.025879,14
6479.108887,14
6581.868164,14
6581.997070,14
6582.071777,15
6582.187988,15
6582.412109,15
6582.498047,15
6582.588867,15
6582.676758,15
6582.751953,15
6582.825195,15
6582.907227,15
6582.981934,15
6583.105957,15
6583.259766,15
6583.424805,15
6684.668945,15
6684.962891,15
6685.362793,16
6685.740234,16
6686.074219,16
6686.215820,16
6687.004883,16
6687.117188,16
6687.205078,16
6687.270996,16
6687.436035,16
6687.514160,16
6687.578125,16
6687.644043,16
6687.715820,16
6687.781250,16
6786.789062,16
6787.054199,16
6787.131836,17
6787.354004,17
6787.455078,17
6789.754883,17
6789.962891,17
6790.027832,17
6790.104980,17
6790.532227,17
6790.632812,17
6790.767090,17
6790.923828,17
6791.019043,17
6791.087891,17
6791.144043,17
6791.507812,17
6889.540039,17
6889.837891,17
6889.966797,18
6890.068848,18
6892.507812,18
6892.662109,18
6892.737793,18
6892.827148,18
6892.895020,18
6892.959961,18
6893.405762,18
6893.528809,18
6893.608887,18
6893.675781,18
6893.743164,18
6893.824219,18
6893.889160,18
6893.975098,18
6993.921875,18
6994.108887,18
7100.798828,1
7205.397949,2
7205.437988,3
7205.493164,4
7205.519043,5
7205.543945,6
7205.567871,7
7205.591797,8
7205.617188,9
7205.641113,9
7205.723145,9
7205.748047,9
7205.789062,9
7205.812988,9
7205.837891,9
7205.876953,9
7205.899902,9
7205.923828,9
7205.962891,10
7205.986816,10
7206.646973,1
7307.939941,2
7307.995117,3
7308.027832,4
7308.057129,5
7308.086914,5
7308.118164,5
7308.267090,5
7308.327148,5
7308.377930,5
7309.979004,6
7310.467773,6
7412.008789,6
7412.167969,6
7412.237793,6
7412.314941,7
7412.439941,7
7412.523926,7
7412.688965,7
7515.264160,7
7515.545898,7
7515.668945,7
7515.933105,8
7516.082031,8
7516.152832,8
7516.231934,8
7516.378906,8
7619.416016,8
7619.681152,8
7619.794922,8
7619.855957,9
7619.979004,9
7620.038086,9
7620.119141,9
7620.220215,9
7620.360840,9
7723.539062,9
7723.664062,9
7723.908203,9
7723.968750,10
7724.062988,10
7724.119141,10
7724.182129,10
7724.237793,10
7724.315918,10
7724.380859,10
7825.598145,10
7826.142090,10
7826.816895,10
7826.987793,11
7827.607910,11
7827.716797,11
7827.810059,11
7827.858887,11
7827.916016,11
7827.987793,11
7828.051758,11
7928.071777,11
7928.318848,11
7928.498047,11
7928.639160,12
7928.868164,12
7928.971191,12
7929.955078,12
7930.051758,12
7930.216797,12
7930.375000,12
7930.442871,12
7930.562988,12
8033.825195,1
8033.953125,2
8034.001953,3
8034.038086,4
8034.071777,5
8034.105957,6
8034.139160,6
8034.348145,6
8034.460938,6
8034.521973,6
8034.759766,6
8034.845215,6
8034.901855,7
8034.984863,7
8136.754883,7
8136.888184,7
8136.984863,7
8137.041016,7
8137.098145,8
8137.296875,8
8137.375000,8
8137.440918,8
8237.535156,8
8237.679688,8
8239.066406,8
8239.171875,8
8239.246094,9
8239.323242,9
8239.447266,9
8239.519531,9
8239.576172,9
8339.423828,9
8339.484375,9
8341.627930,9
8341.689453,9
8341.717773,10
8341.758789,10
8341.786133,10
8341.815430,10
8341.849609,10
8341.923828,10
8441.564453,10
8441.970703,10
8445.812500,10
8446.004883,10
8446.077148,11
8446.297852,11
8446.367188,11
8446.462891,11
8447.089844,11
8447.344727,11
8447.734375,11
8545.471680,11
8545.637695,11
8550.595703,11
8550.796875,11
8550.894531,12
8551.040039,12
8551.427734,12
8551.588867,12
8551.706055,12
8552.159180,12
8552.335938,12
8552.489258,12
8649.521484,12
8649.650391,12
8654.932617,12
8655.168945,12
8655.295898,13
8656.208984,13
8656.432617,13
8656.558594,13
8656.651367,13
8657.480469,13
8657.594727,13
8657.766602,13
8657.875000,13
8752.753906,13
8753.535156,13
8759.375000,13
8759.571289,13
8759.666016,14
8759.772461,14
8759.847656,14
8759.934570,14
8760.006836,14
8760.108398,14
8760.281250,14
8760.484375,14
8760.760742,14
8760.991211,14
8856.654297,14
8856.875000,14
8863.568359,14
8863.808594,14
8863.886719,15
8863.999023,15
8864.063477,15
8864.133789,15
8864.197266,15
8864.359375,15
8864.653320,15
8864.782227,15
8864.954102,15
8865.070312,15
8865.155273,15
8959.461914,15
8959.635742,15
8966.891602,15
8967.201172,15
8967.314453,16
8967.642578,16
8967.823242,16
8967.982422,16
8968.127930,16
9072.349609,1
9176.387695,1
9176.513672,2
9176.542969,2
9176.565430,3
9176.586914,3
9176.608398,3
9176.629883,3
9176.651367,4
9176.671875,4
9176.695312,4
9176.788086,5
9177.067383,5
9177.099609,5
9177.122070,5
9177.142578,5
9177.164062,6
9177.185547,6
9177.443359,6
9278.631836,6
9279.521484,6
9279.666992,6
9280.131836,7
9280.372070,7
9280.753906,7
9280.848633,7
9381.592773,7
9381.866211,7
9381.942383,7
9389.332031,8
9389.675781,8
9389.796875,8
9636.498047,1
9740.051758,2
9740.086914,3
9740.106445,4
9740.124023,4
9740.157227,4
9740.174805,4
9740.195312,5
9740.225586,5
9740.244141,5
9844.349609,5
9844.483398,5
9844.575195,5
9844.641602,6
9844.739258,6
9844.885742,6
9951.943359,6
9952.102539,6
9952.283203,7
9952.416992,7
9952.481445,7
9952.715820,7
9952.828125,7
10057.176758,7
10057.467773,7
10057.863281,8
10058.282227,8
10058.473633,8
10058.591797,8
10058.684570,8
10058.773438,8
10163.000977,8
10163.124023,8
10163.176758,9
10163.258789,9
10163.785156,9
10163.907227,9
10163.970703,9
10164.028320,9
10164.094727,9
10265.447266,9
10265.701172,9
10265.827148,10
10265.941406,10
10266.019531,10
10266.506836,10
10266.634766,10
10266.703125,10
10266.764648,10
10266.833008,10
10369.669922,10
10369.834961,10
10369.948242,11
10370.042969,11
10370.118164,11
10370.184570,11
10370.450195,11
10370.581055,11
10475.828125,1
10578.680664,2
10578.822266,3
10578.876953,4
10578.905273,5
10578.930664,5
10578.954102,5
10578.977539,5
10579.001953,5
10579.028320,5
10579.058594,6
10579.083008,6
10579.106445,6
10681.751953,6
10682.868164,6
10682.974609,7
10683.078125,7
10683.769531,7
10683.897461,7
10683.966797,7
10784.084961,7
10784.656250,7
10784.966797,8
10785.447266,8
10785.566406,8
10785.912109,8
10785.986328,8
10786.050781,8
10886.876953,8
10887.116211,8
10887.289062,9
10887.714844,9
10888.429688,9
10888.625000,9
10888.777344,9
10888.907227,9
10888.975586,9
10989.060547,9
10990.399414,9
10990.639648,10
10990.785156,10
10990.864258,10
10990.929688,10
10991.004883,10
10991.090820,10
10991.263672,10
10991.353516,10
11093.090820,10
11093.481445,10
11093.737305,11
11094.237305,11
11094.350586,11
11094.419922,11
11094.527344,11
11094.691406,11
11094.893555,11
11095.003906,11
11095.071289,11
11196.072266,11
11196.185547,11
11196.301758,12
11197.755859,12
11197.916016,12
11198.009766,12
11198.076172,12
11198.287109,12
11198.403320,12
11198.488281,12
11198.556641,12
11198.697266,12
11300.475586,12
11300.621094,12
11300.937500,13
11301.072266,13
11301.136719,13
11301.468750,13
11301.550781,13
11301.617188,13
11301.683594,13
11301.919922,13
11302.015625,13
11302.154297,13
11302.333008,13
11404.914062,13
11405.066406,13
11405.461914,14
11405.812500,14
11405.906250,14
11405.993164,14
11406.071289,14
11406.158203,14
11406.226562,14
11406.396484,14
11406.630859,14
11406.747070,14
11406.877930,14
11406.965820,14
11508.285156,14
11509.718750,14
11509.839844,15
11510.077148,15
11510.203125,15
11510.409180,15
11510.482422,15
11510.569336,15
11510.758789,15
11510.847656,15
11510.931641,15
11511.235352,15
11511.832031,15
11512.056641,15
11512.205078,15
11611.043945,15
11612.411133,15
11612.533203,16
11612.647461,16
11612.857422,16
11613.132812,16
11613.648438,16
11613.865234,16
11613.953125,16
11614.071289,16
11614.156250,16
11614.243164,16
11614.338867,16
11614.437500,16
11614.551758,16
11614.788086,16
11714.656250,16
11714.829102,16
11714.900391,17
11715.005859,17
11715.071289,17
11715.134766,17
11715.205078,17
11715.268555,17
11715.331055,17
11715.537109,17
11715.747070,17
11715.815430,17
11715.890625,17
11715.956055,17
11716.055664,17
11716.122070,17
11716.234375,17
11818.083984,17
11818.307617,17
11818.385742,18
11818.498047,18
11818.561523,18
11818.630859,18
11818.695312,18
11818.758789,18
11818.934570,18
11819.054688,18
11819.144531,18
11819.223633,18
11819.288086,18
11820.528320,18
11820.657227,18
11820.716797,18
11820.930664,18
11821.035156,18
11922.694336,18
11922.888672,18
11922.954102,19
11923.034180,19
11923.637695,19
11923.899414,19
11924.072266,19
11924.177734,19
11924.257812,19
11924.345703,19
11924.431641,19
11924.589844,19
11924.656250,19
11924.719727,19
11924.808594,19
11925.089844,19
11925.158203,19
11925.376953,19
11925.632812,19
12026.233398,19
12026.478516,19
12026.580078,20
12026.718750,20
12026.806641,20
12026.922852,20
12027.209961,20
12027.285156,20
12027.436523,20
12027.528320,20
12027.628906,20
12027.725586,20
12027.848633,20
12028.017578,20
12028.175781,20
12030.006836,20
12030.184570,20
12030.296875,20
12030.400391,20
12030.496094,20
12132.092773,20
12132.268555,20
12132.497070,21
12132.668945,21
12132.767578,21
12132.886719,21
12132.998047,21
12133.090820,21
12133.194336,21
12133.492188,21
12133.675781,21
12133.762695,21
12133.857422,21
12133.955078,21
12134.052734,21
12134.161133,21
12134.249023,21
12134.366211,21
12134.478516,21
12134.581055,21
12245.781250,1
12349.537109,2
12349.577148,3
12349.601562,4
12349.677734,5
12349.816406,6
12349.848633,7
12349.874023,8
12349.904297,9
12349.944336,10
12349.968750,10
12350.008789,10
12350.034180,10
12350.076172,10
12350.103516,10
12350.128906,10
12350.158203,10
12350.183594,10
12350.228516,10
12350.254883,11
12350.283203,11
12350.324219,11
12350.351562,11
12454.654297,11
12454.823242,11
12454.902344,11
12455.011719,11
12455.083984,11
12455.388672,11
12455.651367,11
12455.753906,12
12455.880859,12
12455.962891,12
12456.041016,12
12456.310547,12
12558.060547,12
12558.223633,12
12558.310547,12
12558.369141,12
12558.447266,12
12558.528320,12
12560.723633,12
12560.923828,12
12561.001953,13
12561.449219,13
12561.747070,13
12561.858398,13
12561.926758,13
12663.241211,13
12663.414062,13
12663.476562,13
12663.533203,13
12664.427734,13
12664.593750,13
12664.689453,13
12664.807617,14
12665.789062,14
12665.934570,14
12666.139648,14
12666.240234,14
12666.440430,14
12666.527344,14
12765.936523,14
12766.082031,14
12766.157227,14
12766.245117,14
12767.385742,14
12767.635742,14
12767.727539,14
12767.793945,15
12767.915039,15
12767.978516,15
12768.890625,15
12769.017578,15
12769.086914,15
12769.159180,15
12876.192383,1
12979.466797,2
12979.506836,3
12979.532227,4
12979.555664,5
12979.581055,6
12979.625977,7
12979.652344,7
12979.676758,7
12979.701172,7
12979.725586,7
12979.777344,7
12979.801758,7
12979.826172,7
12979.849609,8
12979.873047,8
12979.897461,8
13083.085938,8
13083.349609,8
13083.482422,8
13083.586914,8
13083.732422,9
13083.870117,9
13083.990234,9
13084.078125,9
13084.179688,9
13186.361328,9
13186.500000,9
13186.566406,9
13186.641602,9
13186.723633,10
13186.855469,10
13186.916992,10
13186.985352,10
13188.650391,10
13188.785156,10
13290.968750,10
13291.161133,10
13291.275391,10
13291.366211,10
13291.564453,11
13291.662109,11
13291.739258,11
13291.915039,11
13292.009766,11
13292.076172,11
13292.138672,11
13393.075195,11
13393.193359,11
13393.478516,11
13393.557617,11
13393.758789,12
13393.941406,12
13394.045898,12
13394.146484,12
13394.250000,12
13394.334961,12
13394.533203,12
13394.778320,12
13496.243164,12
13496.521484,12
13496.605469,12
13496.789062,12
13496.899414,13
13497.018555,13
13497.316406,13
13497.500977,13
13497.722656,13
13498.040039,13
13498.133789,13
13498.196289,13
13498.440430,13
13599.041992,13
13599.385742,13
13599.463867,13
13599.528320,13
13599.607422,14
13599.828125,14
13599.927734,14
13600.014648,14
13600.176758,14
13600.308594,14
13600.397461,14
13600.471680,14
13600.535156,14
13600.596680,14
13702.310547,14
13702.455078,14
13702.518555,14
13702.585938,14
13702.631836,15
13702.704102,15
13702.749023,15
13702.799805,15
13702.844727,15
13702.978516,15
13703.079102,15
13703.541016,15
13703.739258,15
13703.831055,15
13703.964844,15
13805.978516,15
13806.149414,15
13806.210938,15
13806.286133,15
13806.494141,16
13806.688477,16
13806.787109,16
13806.880859,16
13807.037109,16
13807.135742,16
13807.230469,16
13807.481445,16
13807.638672,16
13807.745117,16
13807.960938,16
13808.444336,16
13908.746094,16
13908.922852,16
13908.991211,16
13909.358398,16
13909.458984,17
13909.704102,17
13909.851562,17
13909.956055,17
13910.041992,17
13910.118164,17
13910.192383,17
13910.274414,17
13910.349609,17
13910.453125,17
13910.558594,17
13910.638672,17
13910.719727,17
14013.165039,17
14013.456055,17
14013.550781,17
14013.614258,17
14013.677734,18
14013.798828,18
14013.936523,18
14014.033203,18
14014.095703,18
14014.160156,18
14014.230469,18
14014.291992,18
14014.361328,18
14014.424805,18
14014.513672,18
14014.659180,18
14014.764648,18
14014.858398,18
14116.936523,18
14117.583984,18
14117.904297,18
14118.122070,18
14118.277344,19
14118.410156,19
14118.493164,19
14118.556641,19
14118.628906,19
14118.797852,19
14118.891602,19
14118.984375,19
14119.210938,19
14119.325195,19
14119.392578,19
14119.459961,19
14119.534180,19
14119.883789,19
14119.977539,19
14222.011719,19
14222.154297,19
14222.212891,19
14222.285156,19
14222.338867,20
14222.451172,20
14222.529297,20
14222.781250,20
14222.848633,20
14222.918945,20
14222.997070,20
14223.060547,20
14223.124023,20
14223.228516,20
14223.292969,20
14223.356445,20
14223.449219,20
14223.590820,20
14223.678711,20
14223.753906,20
14325.223633,20
14325.589844,20
14325.682617,20
14325.769531,20
14325.860352,21
14325.971680,21
14326.237305,21
14326.333984,21
14326.402344,21
14326.484375,21
14326.569336,21
14326.656250,21
14326.731445,21
14326.796875,21
14326.910156,21
14327.075195,21
14327.155273,21
14327.305664,21
14327.401367,21
14327.491211,21
14327.625977,21
14427.876953,21
14428.046875,21
14428.140625,21
14428.208008,21
14428.275391,22
14428.369141,22
14428.949219,22
14429.180664,22
14429.506836,22
14429.649414,22
14433.804688,22
14433.976562,22
14434.675781,22
14434.827148,22
14434.901367,22
14435.910156,22
14437.336914,22
14439.006836,22
14440.276367,22
14440.361328,22
14440.533203,22
14440.625000,22
14530.991211,22
14532.259766,22
14533.028320,22
14533.278320,22
14656.974609,1
14761.125000,2
14761.169922,3
14761.196289,4
14761.228516,5
14761.546875,6
14761.614258,7
14761.686523,8
14761.712891,9
14761.741211,10
14761.920898,11
14761.967773,11
14761.993164,11
14762.031250,11
14762.072266,11
14762.095703,11
14762.121094,11
14762.148438,11
14762.185547,11
14762.210938,11
14762.235352,11
14762.258789,11
14762.289062,12
14762.330078,12
14865.843750,12
14866.440430,12
14866.800781,12
14867.296875,12
14867.717773,12
14868.033203,12
14868.581055,12
14869.423828,12
14869.818359,12
14870.061523,13
14870.875000,13
14871.366211,13
14871.677734,13
14968.622070,13
14969.146484,13
14969.396484,13
14971.162109,13
14971.521484,13
14971.875000,13
14972.109375,13
14972.713867,13
14975.078125,13
14975.523438,14
14975.840820,14
14976.003906,14
14976.177734,14
14976.356445,14
15074.572266,14
15074.870117,14
15075.036133,14
15075.235352,14
15075.384766,14
15075.966797,14
15076.221680,14
15076.763672,14
15077.515625,14
15077.885742,15
15079.392578,15
15079.864258,15
15080.124023,15
15080.527344,15
15080.850586,15
15177.804688,15
15178.341797,15
15178.558594,15
15178.716797,15
15178.963867,15
15179.187500,15
15179.338867,15
15179.503906,15
15179.668945,15
15179.911133,16
15180.341797,16
15182.679688,16
15183.127930,16
15183.361328,16
15183.664062,16
15184.068359,16
15282.276367,16
15282.676758,16
15282.821289,16
15282.972656,16
15283.113281,16
15283.264648,16
15283.775391,16
15284.136719,16
15284.387695,16
15284.600586,17
15284.871094,17
15285.033203,17
15285.194336,17
15285.552734,17
15286.119141,17
15286.335938,17
15286.590820,17
15385.173828,17
15385.592773,17
15385.669922,17
15385.768555,17
15385.829102,17
15385.885742,17
15385.950195,17
15386.004883,17
15386.068359,17
15386.141602,18
15386.448242,18
15386.549805,18
15386.611328,18
15390.176758,18
15390.587891,18
15390.774414,18
15500.750000,1
15604.397461,2
15604.444336,3
15604.472656,4
15604.494141,5
15604.511719,6
15604.530273,7
15604.547852,8
15604.567383,9
15604.621094,9
15604.640625,9
15604.659180,9
15604.676758,9
15604.695312,9
15604.725586,9
15604.875000,9
15604.900391,9
15604.926758,9
15604.969727,10
15604.994141,10
15707.512695,10
15707.692383,10
15707.777344,10
15710.504883,10
15710.662109,10
15710.759766,10
15710.856445,10
15713.371094,11
15713.641602,11
15713.715820,11
15713.796875,11
15811.044922,11
15811.220703,11
15811.317383,11
15813.961914,11
15814.120117,11
15814.215820,11
15814.296875,11
15814.372070,12
15814.471680,12
15815.818359,12
15815.994141,12
15816.070312,12
15912.133789,12
15912.381836,12
15912.485352,12
15916.365234,12
15916.571289,12
15916.648438,12
15916.917969,12
15917.202148,13
15917.660156,13
15917.779297,13
15918.316406,13
15918.738281,13
15918.860352,13
16015.291992,13
16015.463867,13
16016.909180,13
16021.130859,13
16021.489258,13
16021.686523,13
16021.788086,13
16021.856445,14
16021.980469,14
16022.152344,14
16022.264648,14
16022.353516,14
16022.535156,14
16022.602539,14
16119.206055,14
16119.343750,14
16119.422852,14
16124.029297,14
16124.172852,14
16124.266602,14
16124.412109,14
16124.511719,15
16124.713867,15
16124.879883,15
16125.105469,15
16125.256836,15
16125.603516,15
16125.762695,15
16125.863281,15
16223.202148,15
16223.375000,15
16223.530273,15
16227.110352,15
16227.259766,15
16227.333984,15
16227.416992,15
16227.483398,16
16227.728516,16
16227.812500,16
16227.878906,16
16227.956055,16
16228.019531,16
16228.113281,16
16228.190430,16
16228.450195,16
16325.825195,16
16326.314453,16
16326.429688,16
16330.216797,16
16330.455078,16
16330.607422,16
16330.762695,16
16330.833008,17
16330.929688,17
16330.995117,17
16331.059570,17
16331.287109,17
16332.122070,17
16332.239258,17
16332.427734,17
16332.558594,17
16332.638672,17
16427.431641,17
16429.117188,17
16429.269531,17
16434.472656,17
16434.611328,17
16434.722656,17
16434.880859,17
16434.992188,18
16435.156250,18
16435.234375,18
16435.318359,18
16435.386719,18
16435.457031,18
16435.519531,18
16435.582031,18
16435.667969,18
16435.732422,18
16436.023438,18
16530.806641,18
16532.224609,18
16532.337891,18
16539.363281,18
16539.519531,18
16539.591797,18
16539.675781,18
16539.738281,19
16539.832031,19
16539.896484,19
16539.966797,19
16540.029297,19
16540.091797,19
16540.160156,19
16540.326172,19
16540.394531,19
16540.468750,19
16540.531250,19
16540.597656,19
16633.816406,19
16634.076172,19
16634.222656,19
16644.591797,19
16644.826172,19
16644.931641,19
16644.996094,19
16645.058594,20
16645.394531,20
16645.505859,20
16645.640625,20
16645.736328,20
16645.845703,20
16645.921875,20
16645.984375,20
16646.052734,20
16646.117188,20
16646.201172,20
16646.275391,20
16646.341797,20
16737.417969,20
16737.585938,20
16737.662109,20
16749.761719,20
16749.914062,20
16749.990234,20
16750.056641,20
16750.130859,21
16750.238281,21
16750.337891,21
16750.406250,21
16750.621094,21
16750.798828,21
16750.910156,21
16751.025391,21
16751.091797,21
16751.154297,21
16751.978516,21
16752.167969,21
16752.349609,21
16752.857422,21
16839.839844,21
16840.015625,21
16844.316406,21
16853.042969,21
16853.441406,21
16853.566406,21
16853.705078,21
16853.822266,22
16854.529297,22
16854.746094,22
16855.042969,22
16855.671875,22
16856.070312,22
16856.318359,22
16856.498047,22
16857.052734,22
16857.421875,22
16857.675781,22
16858.000000,22
16858.355469,22
16858.572266,22
16858.726562,22
16943.195312,22
16943.355469,22
16946.437500,22
16956.990234,22
16957.164062,22
16957.337891,22
16957.414062,22
16958.234375,23
16958.644531,23
16958.736328,23
16958.800781,23
16958.871094,23
16958.964844,23
16959.031250,23
16959.103516,23
16959.166016,23
16959.228516,23
16960.583984,23
16960.712891,23
16960.779297,23
16960.859375,23
16960.923828,23
16960.986328,23
17046.017578,23
17046.373047,23
17049.761719,23
17059.199219,23
17059.472656,23
17060.490234,23
17060.609375,23
17060.679688,24
17060.781250,24
17060.845703,24
17061.027344,24
17061.103516,24
17061.167969,24
17061.451172,24
17061.574219,24
17062.312500,24
17062.523438,24
17062.679688,24
17062.869141,24
17063.423828,24
17063.578125,24
17063.769531,24
17064.068359,24
17064.285156,24
17149.068359,24
17149.207031,24
17152.490234,24
17162.087891,24
17162.232422,24
17162.294922,24
17162.369141,24
17162.423828,25
17162.660156,25
17162.728516,25
17162.802734,25
17162.964844,25
17163.058594,25
17163.134766,25
17163.943359,25
17164.839844,25
17168.308594,25
17168.884766,25
17169.011719,25
17169.132812,25
17169.222656,25
17169.517578,25
17169.617188,25
17169.705078,25
17169.806641,25
17254.093750,25
17254.279297,25
17255.251953,25
17266.304688,25
17266.455078,25
17266.626953,25
17266.822266,25
17267.013672,26
17267.150391,26
17267.224609,26
17267.292969,26
17267.380859,26
17267.476562,26
17267.652344,26
17267.750000,26
17267.855469,26
17271.650391,26
17271.826172,26
17275.751953,26
17275.900391,26
17275.994141,26
17276.519531,26
17276.910156,26
17277.179688,26
17277.544922,26
17277.730469,26
17357.609375,26
17357.779297,26
17357.871094,26
17373.550781,26
17373.763672,26
17373.880859,26
17374.187500,26
17374.306641,27
17486.685547,1
17591.037109,2
17591.070312,3
17591.091797,4
17591.109375,5
17591.128906,6
17591.152344,7
17591.171875,8
17591.189453,9
17591.208984,10
17591.228516,11
17591.246094,12
17591.265625,13
17591.283203,13
17591.302734,13
17591.320312,13
17591.337891,13
17591.357422,13
17591.375000,13
17591.394531,13
17591.412109,13
17591.429688,13
17591.447266,13
17591.466797,13
17591.484375,13
17591.503906,14
17591.521484,14
17591.537109,14
17591.558594,14
17696.496094,14
17696.644531,14
17697.000000,14
17697.523438,14
17697.597656,14
17697.677734,14
17697.744141,14
17697.837891,14
17697.990234,14
17698.093750,14
17698.179688,15
18050.341797,1
18153.730469,2
18153.771484,3
18153.796875,4
18153.822266,5
18153.847656,6
18153.871094,7
18153.896484,7
18153.921875,7
18153.945312,7
18153.968750,7
18153.992188,7
18154.017578,7
18154.039062,7
18154.132812,8
18154.158203,8
18257.367188,8
18257.644531,8
18257.982422,8
18258.160156,8
18258.304688,8
18258.392578,9
18258.527344,9
18258.593750,9
18258.742188,9
18360.675781,9
18360.910156,9
18361.007812,9
18361.099609,9
18361.464844,9
18361.585938,10
18361.683594,10
18361.759766,10
18361.822266,10
18361.890625,10
18463.740234,10
18463.925781,10
18464.027344,10
18464.107422,10
18465.003906,10
18465.154297,11
18465.390625,11
18465.478516,11
18465.726562,11
18465.845703,11
18465.943359,11
18568.783203,11
18569.158203,11
18569.597656,11
18569.703125,11
18569.851562,11
18570.017578,12
18570.195312,12
18570.376953,12
18570.455078,12
18570.546875,12
18570.628906,12
18570.720703,12
18671.802734,12
18673.255859,12
18673.396484,12
18673.689453,12
18673.822266,12
18673.912109,13
18674.037109,13
18674.123047,13
18674.230469,13
18674.316406,13
18674.400391,13
18674.591797,13
18674.679688,13
18775.964844,13
18776.285156,13
18777.392578,13
18777.554688,13
18777.613281,13
18777.667969,14
18777.767578,14
18777.849609,14
18777.957031,14
18778.111328,14
18778.183594,14
18778.265625,14
18778.373047,14
18778.441406,14
18880.812500,14
18880.939453,14
18881.031250,14
18881.318359,14
18881.597656,14
18881.837891,15
18881.990234,15
18882.125000,15
18882.226562,15
18882.435547,15
18882.705078,15
18882.812500,15
18882.900391,15
18883.037109,15
18883.138672,15
18985.152344,15
18985.667969,15
18985.863281,15
18985.994141,15
18986.062500,15
18986.212891,16
18986.365234,16
18986.779297,16
18986.896484,16
18986.962891,16
18987.027344,16
18987.234375,16
18987.357422,16
18987.474609,16
18987.539062,16
18987.603516,16
19088.828125,16
19088.933594,16
19089.068359,16
19089.160156,16
19089.218750,16
19089.568359,17
19089.669922,17
19090.529297,17
19090.621094,17
19090.681641,17
19090.738281,17
19090.804688,17
19090.861328,17
19090.978516,17
19091.062500,17
19091.119141,17
19091.185547,17
19194.292969,17
19194.464844,17
19194.556641,17
19194.623047,17
19194.685547,17
19194.839844,18
19195.050781,18
19195.125000,18
19195.220703,18
19303.027344,1
19406.177734,2
19406.230469,3
19406.263672,4
19406.296875,5
19406.328125,6
19406.361328,7
19406.392578,8
19406.423828,9
19406.455078,9
19406.486328,9
19406.519531,9
19406.552734,9
19406.677734,9
19406.726562,9
19406.757812,9
19406.787109,9
19406.853516,9
19406.916016,10
19406.970703,10
19510.968750,10
19511.134766,10
19511.203125,10
19511.275391,10
19511.441406,10
19511.599609,10
19511.720703,10
19511.830078,11
19511.943359,11
19512.029297,11
19512.095703,11
19614.050781,11
19614.199219,11
19615.482422,11
19615.634766,11
19615.765625,11
19615.867188,11
19615.947266,11
19616.011719,12
19616.109375,12
19616.173828,12
19616.250000,12
19616.314453,12
19718.269531,12
19718.660156,12
19718.833984,12
19719.046875,12
19719.238281,12
19719.451172,12
19719.628906,12
19719.746094,13
19719.953125,13
19720.064453,13
19720.134766,13
19720.234375,13
19720.318359,13
19821.691406,13
19821.873047,13
19821.935547,13
19821.990234,13
19822.060547,13
19822.666016,13
19822.789062,13
19822.894531,14
19822.998047,14
19823.083984,14
19823.154297,14
19823.263672,14
19823.441406,14
19823.556641,14
19923.896484,14
19926.689453,14
19926.818359,14
19926.939453,14
19927.029297,14
19927.117188,14
19927.210938,14
19927.298828,15
19927.410156,15
19927.644531,15
19927.728516,15
19927.798828,15
19927.882812,15
19927.957031,15
19928.019531,15
20027.693359,15
20027.884766,15
20027.945312,15
20029.068359,15
20029.203125,15
20029.484375,15
20030.566406,15
20030.742188,16
20030.890625,16
20030.978516,16
20031.062500,16
20031.156250,16
20031.240234,16
20031.328125,16
20031.507812,16
20031.615234,16
20131.912109,16
20132.068359,16
20132.126953,16
20134.013672,16
20134.261719,16
20134.394531,16
20134.488281,16
20134.685547,17
20134.964844,17
20135.072266,17
20135.171875,17
20135.373047,17
20135.519531,17
20135.722656,17
20135.925781,17
20136.140625,17
20136.283203,17
20234.927734,17
20235.085938,17
20235.148438,17
20238.023438,17
20238.179688,17
20238.324219,17
20238.392578,17
20238.457031,18
20238.556641,18
20238.621094,18
20238.794922,18
20238.863281,18
20238.927734,18
20239.001953,18
20239.189453,18
20239.298828,18
20239.408203,18
20239.478516,18
20338.843750,18
20339.105469,18
20339.214844,18
20341.839844,18
20341.976562,18
20342.037109,18
20342.121094,18
20342.195312,19
20342.273438,19
20342.484375,19
20342.589844,19
20342.714844,19
20342.791016,19
20342.892578,19
20343.021484,19
20343.107422,19
20343.189453,19
20343.425781,19
20343.519531,19
20441.000000,19
20441.363281,19
20441.492188,19
20444.972656,19
20445.414062,19
20445.517578,19
20445.650391,19
20445.794922,20
20445.964844,20
20446.029297,20
20446.107422,20
20446.220703,20
20446.308594,20
20446.384766,20
20446.447266,20
20446.509766,20
20446.580078,20
20446.662109,20
20446.892578,20
20447.128906,20
20544.617188,20
20544.826172,20
20545.000000,20
20547.121094,20
20547.285156,20
20547.388672,20
20547.478516,20
20547.572266,21
20547.683594,21
20547.759766,21
20549.066406,21
20550.257812,21
20550.658203,21
20550.800781,21
20550.910156,21
20551.013672,21
20551.099609,21
20551.185547,21
20551.294922,21
20551.615234,21
20551.767578,21
20649.767578,21
20649.912109,21
20650.048828,21
20650.150391,21
20650.308594,21
20650.410156,21
20650.476562,21
20650.542969,22
20650.646484,22
20650.753906,22
20650.828125,22
20654.250000,22
20654.425781,22
20654.519531,22
20654.736328,22
20655.884766,22
20656.162109,22
20656.285156,22
20656.408203,22
20656.509766,22
20656.593750,22
20656.689453,22
20755.697266,22
20756.048828,22
20756.283203,22
20756.357422,22
20756.552734,22
20756.652344,22
20756.818359,22
20756.939453,23
20757.048828,23
20757.140625,23
20757.435547,23
20757.541016,23
20758.001953,23
20758.087891,23
20758.152344,23
20758.228516,23
20765.812500,23
20765.964844,23
20766.091797,23
20766.177734,23
20766.255859,23
20766.341797,23
20766.634766,23
20863.199219,23
20863.259766,23
20863.296875,23
20863.345703,23
20863.380859,23
20863.414062,23
20863.445312,23
20863.472656,24
20863.511719,24
20863.537109,24
20863.580078,24
20863.607422,24
20863.642578,24
20863.673828,24
20863.705078,24
20863.734375,24
20863.779297,24
20868.236328,24
20868.296875,24
20868.347656,24
20868.382812,24
20868.417969,24
20868.525391,24
20868.560547,24
20967.638672,24
20967.693359,24
20967.724609,24
20967.761719,24
20967.791016,24
20967.818359,24
20967.849609,24
20967.876953,25
20967.919922,25
20967.947266,25
20967.974609,25
20968.005859,25
20968.033203,25
20968.060547,25
21074.015625,1
21177.392578,2
21177.431641,3
21177.474609,4
21177.501953,5
21177.525391,6
21177.671875,7
21177.701172,8
21177.726562,9
21177.751953,10
21177.777344,11
21177.804688,12
21771.193359,1
21874.468750,2
21874.509766,3
21874.535156,4
21874.580078,5
21874.605469,6
21874.628906,6
21874.667969,6
21874.693359,6
21874.718750,6
21874.744141,6
21874.769531,6
21874.863281,7
21874.892578,7
21874.937500,7
21874.962891,7
21979.640625,7
21979.802734,7
21979.878906,8
21980.017578,8
21980.101562,8
21980.384766,8
21980.615234,8
21980.732422,8
22084.039062,8
22084.365234,8
22084.498047,9
22084.599609,9
22084.769531,9
22084.949219,9
22085.042969,9
22085.142578,9
22085.357422,9
22805.617188,1
22908.734375,2
22908.769531,3
22908.792969,4
22908.816406,4
22908.837891,4
22908.968750,4
22908.990234,5
22909.013672,5
22909.035156,5
22909.273438,5
23012.773438,5
23012.923828,5
23012.998047,6
23013.353516,6
23013.585938,6
23013.699219,6
23114.734375,6
23116.314453,7
23116.556641,7
23116.650391,7
23116.804688,7
23116.863281,7
23116.929688,7
23217.673828,7
23219.701172,8
23220.177734,8
23220.259766,8
23220.345703,8
23220.414062,8
23220.472656,8
23220.556641,8
23319.935547,8
23323.806641,9
23323.974609,9
23324.044922,9
23324.171875,9
23324.250000,9
23324.318359,9
23324.375000,9
23324.433594,9
23422.005859,9
23426.474609,10
23426.869141,10
23427.025391,10
23427.093750,10
23427.195312,10
23427.298828,10
23427.371094,10
23427.462891,10
23427.546875,10
23524.275391,10
23529.427734,11
23529.601562,11
23529.753906,11
23529.814453,11
23529.902344,11
23530.021484,11
23530.781250,11
23530.972656,11
23531.060547,11
23531.337891,11
23629.388672,11
23631.992188,12
23632.332031,12
23632.429688,12
23632.519531,12
23632.601562,12
23632.669922,12
23632.751953,12
23632.808594,12
23632.865234,12
23632.949219,12
23633.136719,12
23733.921875,12
23736.945312,13
23737.146484,13
23737.437500,13
23737.503906,13
23737.595703,13
23737.675781,13
23737.841797,13
23737.933594,13
23737.994141,13
23738.052734,13
23738.134766,13
23738.212891,13
23837.472656,13
23838.464844,14
23838.589844,14
23838.683594,14
23838.740234,14
23839.855469,14
23839.978516,14
23840.052734,14
23840.128906,14
23840.269531,14
23840.373047,14
23840.496094,14
23840.587891,14
23840.673828,14
23938.919922,14
23942.417969,15
23942.671875,15
23942.779297,15
23942.904297,15
23943.023438,15
23943.339844,15
23943.462891,15
23943.595703,15
23943.716797,15
23943.871094,15
23944.003906,15
23944.123047,15
23944.265625,15
24048.623047,1
24151.312500,2
24151.343750,3
24151.361328,4
24151.378906,5
24151.394531,6
24151.410156,7
24151.427734,7
24151.443359,7
24151.470703,7
24151.501953,7
24151.517578,7
24151.533203,7
24151.548828,7
24151.673828,8
24151.705078,8
24151.742188,8
24253.902344,8
24254.195312,8
24254.306641,8
24254.414062,8
24254.511719,9
24254.722656,9
24255.339844,9
24255.443359,9
24255.531250,9
24361.375000,9
24361.789062,9
24361.974609,9
24362.103516,9
24362.257812,10
24362.585938,10
24362.753906,10
24362.898438,10
24363.187500,10
24363.308594,10
24464.070312,10
24464.232422,10
24467.283203,10
24467.509766,10
24467.613281,11
24467.732422,11
24468.039062,11
24468.164062,11
24468.265625,11
24468.351562,11
24468.447266,11
24570.726562,11
24570.927734,11
24571.046875,11
24571.144531,11
24571.212891,12
24571.355469,12
24571.427734,12
24571.644531,12
24571.771484,12
24571.892578,12
24571.976562,12
24572.062500,12
24673.658203,12
24673.804688,12
24673.910156,12
24674.007812,12
24674.070312,13
24674.193359,13
24674.283203,13
24674.359375,13
24674.546875,13
24674.615234,13
24674.714844,13
24674.775391,13
24674.857422,13
24779.728516,13
24780.027344,13
24780.103516,13
24780.205078,13
24780.267578,14
24780.355469,14
24780.410156,14
24780.468750,14
24780.656250,14
24780.718750,14
24781.386719,14
24781.513672,14
24781.595703,14
24781.697266,14
24882.671875,14
24882.812500,14
24883.892578,14
24884.066406,14
24884.246094,15
24885.226562,15
24885.613281,15
24885.730469,15
24885.822266,15
24885.980469,15
24886.087891,15
24886.179688,15
24886.382812,15
24886.525391,15
24886.640625,15
24984.773438,15
24985.048828,15
24987.912109,15
24988.107422,15
24988.197266,16
24988.421875,16
24988.654297,16
24988.820312,16
24989.072266,16
24989.861328,16
24990.144531,16
24990.337891,16
24990.556641,16
24990.988281,16
24991.210938,16
24991.416016,16
25086.419922,16
25086.660156,16
25091.177734,16
25091.349609,16
25091.529297,17
25091.804688,17
25092.017578,17
25092.146484,17
25092.234375,17
25092.318359,17
25093.033203,17
25093.185547,17
25093.703125,17
25093.859375,17
25093.960938,17
25094.031250,17
25094.140625,17
25194.408203,17
25194.539062,17
25194.898438,17
25195.152344,17
25195.439453,18
25196.255859,18
25196.423828,18
25196.552734,18
25196.644531,18
25196.810547,18
25196.919922,18
25197.177734,18
25197.625000,18
25197.755859,18
25197.988281,18
25198.269531,18
25198.412109,18
25198.535156,18
25297.662109,18
25298.603516,18
25298.724609,18
25298.810547,18
25298.869141,19
25299.041016,19
25299.140625,19
25299.287109,19
25299.365234,19
25299.443359,19
25299.529297,19
25299.605469,19
25299.677734,19
25299.851562,19
25299.929688,19
25299.996094,19
25300.052734,19
25300.109375,19
25300.224609,19
25400.591797,19
25403.064453,19
25403.222656,19
25403.390625,19
25403.455078,20
25403.546875,20
25403.699219,20
25403.810547,20
25403.871094,20
25403.929688,20
25403.994141,20
25404.068359,20
25404.207031,20
25404.298828,20
25404.380859,20
25404.451172,20
25404.509766,20
25404.564453,20
25404.646484,20
25404.791016,20
25504.320312,20
25507.623047,20
25507.843750,20
25507.939453,20
25508.013672,21
25508.099609,21
25508.156250,21
25508.212891,21
25508.275391,21
25508.330078,21
25508.386719,21
25508.449219,21
25509.636719,21
25509.826172,21
25509.917969,21
25509.976562,21
25510.035156,21
25510.099609,21
25510.154297,21
25510.216797,21
25510.271484,21
25607.294922,21
25615.123047,21
25615.339844,21
25615.472656,21
25615.609375,22
25615.755859,22
25615.904297,22
25616.017578,22
25616.128906,22
25616.373047,22
25616.500000,22
25616.605469,22
25616.787109,22
25616.896484,22
25617.011719,22
25617.113281,22
25617.730469,22
25617.875000,22
25617.945312,22
25618.009766,22
25618.082031,22
25618.226562,22
25711.154297,22
25718.740234,22
25718.929688,22
25719.050781,22
25719.144531,23
25719.244141,23
25719.318359,23
25719.890625,23
25720.027344,23
25720.087891,23
25720.146484,23
25720.210938,23
25720.267578,23
25720.322266,23
25720.404297,23
25720.462891,23
25720.519531,23
25720.654297,23
25721.013672,23
25722.005859,23
25722.175781,23
25722.281250,23
25722.470703,23
25815.742188,23
25821.802734,23
25822.384766,23
25822.742188,23
25822.921875,24
25824.035156,24
25824.748047,24
25824.869141,24
25824.960938,24
25825.039062,24
25825.123047,24
25825.498047,24
25825.615234,24
25825.693359,24
25825.828125,24
25826.121094,24
25826.330078,24
25826.470703,24
25826.615234,24
25826.748047,24
25826.955078,24
25827.121094,24
25827.273438,24
25827.406250,24
25918.121094,24
25924.746094,24
25925.060547,24
25925.193359,24
25925.410156,25
25925.816406,25
25925.906250,25
25927.199219,25
25927.509766,25
25927.900391,25
25928.048828,25
25928.115234,25
25928.183594,25
25929.039062,25
25929.505859,25
25930.105469,25
25930.472656,25
25930.822266,25
25931.017578,25
25931.201172,25
25931.546875,25
25931.791016,25
25931.953125,25
25932.171875,25
25932.421875,25
26020.871094,25
26028.810547,25
26029.632812,25
26029.765625,25
26030.052734,26
26030.296875,26
26030.441406,26
26030.603516,26
26030.705078,26
26030.779297,26
26031.023438,26
26031.148438,26
26031.285156,26
26031.361328,26
26137.728516,1
26241.677734,2
26241.718750,3
26241.783203,4
26241.808594,5
26241.847656,6
26241.871094,7
26241.896484,8
26241.935547,9
26241.960938,10
26241.986328,11
26242.046875,12
26242.074219,13
26242.115234,13
26242.154297,13
26242.179688,13
26242.218750,13
26242.261719,13
26242.306641,13
26643.205078,1
26746.312500,2
26746.351562,3
26746.376953,4
26746.402344,5
26746.427734,6
26746.490234,6
26746.517578,6
26746.542969,6
26746.568359,6
26746.595703,6
26746.623047,6
26746.662109,7
26746.687500,7
26746.728516,7
26851.048828,7
26851.203125,7
26851.345703,7
26851.433594,8
26851.566406,8
26851.775391,8
26851.914062,8
26852.003906,8
26954.640625,8
26954.798828,8
26954.900391,8
26955.126953,9
26955.248047,9
26955.363281,9
26955.439453,9
26955.505859,9
26955.570312,9
27057.623047,9
27057.789062,9
27057.880859,9
27058.236328,10
27058.552734,10
27058.644531,10
27058.732422,10
27058.849609,10
27058.941406,10
27059.027344,10
27159.984375,10
27160.158203,10
27160.222656,10
27160.314453,11
27160.388672,11
27160.447266,11
27160.525391,11
27160.587891,11
27162.078125,11
27162.292969,11
27162.455078,11
27265.861328,11
27266.027344,11
27266.134766,11
27266.214844,12
27266.339844,12
27266.398438,12
27266.476562,12
27266.560547,12
27266.648438,12
27266.822266,12
27266.884766,12
27266.960938,12
27369.580078,12
27369.738281,12
27369.908203,12
27370.021484,13
27370.275391,13
27370.494141,13
27370.587891,13
27370.673828,13
27370.771484,13
27370.878906,13
27370.964844,13
27371.076172,13
27371.265625,13
27473.935547,13
27474.097656,13
27474.162109,13
27474.259766,14
27474.349609,14
27474.500000,14
27474.576172,14
27474.736328,14
27474.824219,14
27474.898438,14
27474.957031,14
27475.052734,14
27475.126953,14
27475.208984,14
27578.486328,14
27578.660156,14
27578.746094,14
27578.835938,15
27578.923828,15
27578.998047,15
27579.251953,15
27579.369141,15
27579.441406,15
27579.517578,15
27579.615234,15
27579.679688,15
27579.753906,15
27579.835938,15
27579.927734,15
27682.988281,15
27683.167969,15
27683.234375,15
27683.314453,16
27683.417969,16
27683.501953,16
27683.681641,16
27683.763672,16
27683.832031,16
27683.906250,16
27683.966797,16
27684.062500,16
27684.136719,16
27684.201172,16
27684.277344,16
27684.355469,16
27788.128906,16
27788.326172,16
27788.408203,16
27788.507812,17
27788.603516,17
27788.685547,17
27788.742188,17
27788.923828,17
27789.087891,17
27789.281250,17
27789.455078,17
27789.566406,17
27789.634766,17
27789.730469,17
27789.804688,17
27789.892578,17
27790.072266,17
27891.607422,17
27891.779297,17
27891.876953,17
27892.046875,18
27892.300781,18
27892.394531,18
27892.689453,18
27892.808594,18
27892.902344,18
27893.000000,18
27893.103516,18
27893.785156,18
27893.917969,18
27893.984375,18
27894.048828,18
27894.162109,18
27894.230469,18
27894.515625,18
27996.494141,18
27996.755859,18
27997.197266,18
27997.755859,19
27997.937500,19
27998.050781,19
27998.115234,19
27998.216797,19
27998.289062,19
27998.367188,19
27998.462891,19
27998.742188,19
27998.929688,19
27999.033203,19
27999.109375,19
27999.167969,19
27999.257812,19
27999.347656,19
27999.433594,19
28099.906250,19
28100.109375,19
28100.238281,19
28100.300781,20
28100.390625,20
28100.457031,20
28100.595703,20
28100.662109,20
28100.744141,20
28101.164062,20
28101.375000,20
28101.455078,20
28101.515625,20
28101.582031,20
28101.636719,20
28101.699219,20
28207.792969,1
28311.306641,2
28311.347656,3
28311.375000,4
28311.398438,5
28311.423828,6
28311.468750,7
28311.490234,8
28311.529297,9
28311.554688,10
28311.578125,10
28311.601562,10
28311.625000,10
28311.662109,10
28311.689453,10
28311.871094,10
28311.931641,10
28312.080078,10
28312.105469,10
28312.146484,11
28312.169922,11
28312.193359,11
28313.330078,1
28415.837891,2
28415.917969,3
28415.968750,4
28416.042969,5
28416.078125,5
28416.113281,5
28416.343750,5
28416.492188,5
28416.621094,5
28417.685547,6
28418.015625,6
28418.246094,6
28518.781250,6
28519.015625,6
28520.208984,7
28520.603516,7
28520.718750,7
28520.822266,7
28520.917969,7
28622.238281,7
28622.443359,7
28623.412109,8
28623.572266,8
28623.636719,8
28623.707031,8
28623.773438,8
28623.835938,8
28725.765625,8
28725.898438,8
28730.664062,9
28730.855469,9
28730.916016,9
28731.058594,9
28731.119141,9
28731.201172,9
28731.291016,9
28830.316406,9
28830.625000,9
28834.517578,10
28834.861328,10
28835.037109,10
28835.144531,10
28835.242188,10
28835.353516,10
28946.763672,1
29050.335938,2
29050.369141,3
29050.392578,4
29050.414062,5
29050.435547,5
29050.457031,5
29050.480469,5
29050.501953,5
29050.521484,5
29050.542969,6
29050.564453,6
29153.914062,6
29154.179688,6
29154.289062,6
29154.369141,7
29154.488281,7
29154.585938,7
29154.843750,7
29256.517578,7
29256.673828,7
29256.744141,7
29256.789062,8
29256.861328,8
29256.906250,8
29256.953125,8
29257.005859,8
29359.990234,8
29360.109375,8
29360.425781,8
29360.488281,9
29361.414062,9
29361.517578,9
29361.576172,9
29361.646484,9
29361.703125,9
29461.984375,9
29463.660156,9
29464.189453,9
29464.375000,10
29464.572266,10
29464.787109,10
29464.888672,10
29464.988281,10
29465.072266,10
29465.138672,10
29564.738281,10
29566.257812,10
29566.570312,10
29566.742188,11
29566.929688,11
29567.566406,11
29567.736328,11
29567.857422,11
29568.031250,11
29568.171875,11
29568.318359,11
29666.882812,11
29669.578125,11
29669.853516,11
29669.941406,12
29670.501953,12
29670.595703,12
29670.654297,12
29670.753906,12
29670.826172,12
29670.900391,12
29670.998047,12
29671.078125,12
29769.167969,12
29774.345703,12
29774.539062,12
29774.617188,13
29774.925781,13
29775.070312,13
29775.189453,13
29775.306641,13
29775.404297,13
29775.490234,13
29775.591797,13
29775.683594,13
29775.914062,13
29871.798828,13
29879.093750,13
29879.228516,13
29879.289062,14
29879.390625,14
29879.537109,14
29879.632812,14
29879.687500,14
29879.751953,14
29879.808594,14
29879.865234,14
29880.109375,14
29880.187500,14
29880.251953,14
29974.048828,14
29982.117188,14
29983.373047,14
29983.597656,15
29983.689453,15
29983.755859,15
29983.833984,15
29983.919922,15
29984.003906,15
29984.093750,15
29984.175781,15
29984.251953,15
29984.380859,15
29984.488281,15
29984.554688,15
30076.292969,15
30085.742188,15
30085.998047,15
30086.279297,16
30086.455078,16
30086.546875,16
30086.701172,16
30086.939453,16
30087.691406,16
30087.923828,16
30088.126953,16
30088.271484,16
30088.359375,16
30088.427734,16
30088.517578,16
30088.583984,16
30179.011719,16
30188.644531,16
30188.806641,16
30188.898438,17
30189.050781,17
30189.144531,17
30191.673828,17
30191.802734,17
30191.908203,17
30191.992188,17
30192.076172,17
30192.242188,17
30193.138672,17
30193.398438,17
30193.501953,17
30193.589844,17
30193.673828,17
30281.441406,17
30295.949219,17
30296.089844,17
30296.185547,18
30296.287109,18
30296.355469,18
30296.419922,18
30296.492188,18
30296.556641,18
30296.728516,18
30296.822266,18
30296.890625,18
30296.957031,18
30297.029297,18
30297.097656,18
30297.201172,18
30297.457031,18
30297.552734,18
30385.570312,18
30400.648438,18
30400.800781,18
30400.984375,19
30401.562500,19
30402.482422,19
30402.632812,19
30402.822266,19
30402.962891,19
30403.250000,19
30403.406250,19
30403.585938,19
30403.746094,19
30403.916016,19
30404.269531,19
30404.427734,19
30404.605469,19
30404.763672,19
30404.914062,19
30487.683594,19
30503.113281,19
30503.265625,19
30503.384766,20
30503.482422,20
30504.632812,20
30509.521484,20
30509.871094,20
30510.015625,20
30513.921875,20
30514.066406,20
30514.138672,20
30514.203125,20
30514.462891,20
30514.599609,20
30514.695312,20
30514.804688,20
30514.890625,20
30514.976562,20
30515.072266,20
30590.310547,20
30606.957031,20
30607.218750,20
30607.318359,21
30607.765625,21
30607.888672,21
30608.812500,21
30614.074219,21
30614.226562,21
30614.439453,21
30619.603516,21
30619.837891,21
30619.964844,21
30620.068359,21
30620.283203,21
30620.435547,21
30620.523438,21
30620.619141,21
30620.794922,21
30620.861328,21
30620.957031,21
30693.955078,21
30718.908203,21
30719.068359,21
30719.162109,22
30719.263672,22
30719.326172,22
30719.388672,22
30719.458984,22
30719.521484,22
30719.681641,22
30719.779297,22
30724.189453,22
30724.556641,22
30724.759766,22
30724.904297,22
30725.095703,22
30725.197266,22
30725.275391,22
30725.591797,22
30725.701172,22
30725.966797,22
30726.103516,22
30801.947266,22
30825.728516,22
30825.992188,22
30826.201172,23
30826.333984,23
30826.402344,23
30826.494141,23
30826.597656,23
30826.669922,23
30826.761719,23
30826.845703,23
30826.982422,23
30827.738281,23
30827.861328,23
30828.056641,23
30829.126953,23
30829.312500,23
30829.433594,23
30829.505859,23
30829.591797,23
30829.701172,23
30829.787109,23
30829.947266,23
30908.828125,23
30927.828125,23
30928.128906,23
30929.042969,24
30929.191406,24
30929.449219,24
30929.519531,24
30929.609375,24
30929.708984,24
30930.160156,24
30930.318359,24
30930.451172,24
30930.554688,24
30931.205078,24
30931.298828,24
30931.404297,24
30931.488281,24
30931.572266,24
30931.642578,24
30931.732422,24
30931.800781,24
30932.056641,24
30932.230469,24
30932.345703,24
31011.810547,24
31031.501953,24
31031.808594,24
31032.207031,25
31032.345703,25
31032.515625,25
31032.582031,25
31032.683594,25
31137.027344,1
31242.591797,1
31243.511719,2
31243.552734,2
31243.587891,3
31243.611328,3
31243.673828,3
31243.697266,3
31243.722656,4
31243.746094,4
31243.787109,4
31243.826172,5
31243.865234,5
31243.890625,5
31243.917969,5
31244.015625,5
31244.054688,6
31244.078125,6
31244.101562,6
31244.125000,6
31244.148438,6
31244.173828,6
31244.234375,7
31244.259766,7
31244.283203,7
31244.306641,7
31244.343750,7
31244.367188,7
31348.287109,7
31348.580078,8
31348.732422,8
31348.804688,8
31348.890625,8
31348.984375,8
31824.962891,1
31928.847656,2
31928.886719,3
31928.912109,4
31928.945312,4
31928.972656,4
31929.097656,4
31929.289062,5
31929.333984,5
31929.359375,5
32033.453125,5
32033.644531,5
32033.718750,5
32033.880859,6
32033.984375,6
32034.050781,6
32136.250000,6
32136.406250,6
32136.470703,7
32137.882812,7
32138.005859,7
32138.087891,7
32138.355469,7
32239.378906,7
32239.542969,7
32239.623047,8
32239.736328,8
32239.798828,8
32239.869141,8
32239.931641,8
32242.628906,8
32529.833984,1
32633.363281,2
32633.408203,3
32633.433594,4
32633.457031,4
32633.480469,4
32633.505859,4
32633.529297,5
32633.552734,5
32633.576172,5
32735.859375,5
32736.027344,5
32737.414062,5
32737.548828,6
32737.707031,6
32737.794922,6
32838.425781,6
32838.593750,6
32838.679688,7
32839.058594,7
32839.589844,7
32839.679688,7
32839.789062,7
32941.867188,7
32942.019531,7
32942.082031,8
32942.171875,8
32942.226562,8
32942.281250,8
32942.343750,8
32942.402344,8
33046.441406,8
33046.625000,8
33046.847656,9
33047.117188,9
33047.218750,9
33047.296875,9
33047.359375,9
33047.453125,9
33184.167969,1
33288.183594,2
33288.214844,3
33288.234375,4
33288.250000,4
33288.281250,4
33288.296875,4
33288.312500,5
33288.496094,5
33288.523438,5
33288.546875,5
33390.925781,5
33391.093750,5
33391.265625,6
33391.652344,6
33392.222656,6
33392.347656,6
33495.144531,6
33495.273438,7
33495.363281,7
33495.433594,7
33495.488281,7
33495.546875,7
33495.609375,7
33599.910156,7
33600.054688,8
33600.207031,8
33600.289062,8
33600.535156,8
33600.625000,8
33600.816406,8
33600.992188,8
33703.699219,8
33703.894531,9
33704.019531,9
33704.726562,9
33704.820312,9
33704.914062,9
33704.992188,9
33705.082031,9
33705.179688,9
33805.585938,9
33805.800781,10
33806.023438,10
33806.683594,10
33806.808594,10
33806.945312,10
33807.089844,10
33807.195312,10
33808.226562,10
33808.343750,10
33908.226562,10
33908.488281,11
33910.109375,11
33910.242188,11
33910.308594,11
33910.500000,11
33910.613281,11
33910.710938,11
33910.773438,11
33910.835938,11
33910.906250,11
34011.386719,11
34011.488281,12
34011.863281,12
34012.792969,12
34012.949219,12
34013.039062,12
34013.109375,12
34013.183594,12
34013.988281,12
34014.113281,12
34014.214844,12
34014.550781,12
34114.378906,12
34114.566406,13
34114.687500,13
34114.757812,13
34115.210938,13
34115.335938,13
34115.402344,13
34115.468750,13
34115.539062,13
34118.117188,13
34118.296875,13
34118.390625,13
34118.480469,13
34217.582031,13
34217.730469,14
34217.851562,14
34217.917969,14
34217.980469,14
34218.054688,14
34218.117188,14
34218.183594,14
34218.253906,14
34218.339844,14
34221.832031,14
34222.031250,14
34222.093750,14
34222.152344,14
34321.203125,14
34321.558594,15
34321.789062,15
34321.992188,15
34322.117188,15
34322.222656,15
34322.296875,15
34322.410156,15
34322.496094,15
34322.578125,15
34322.687500,15
34324.746094,15
34325.027344,15
34325.136719,15
34325.226562,15
34424.769531,15
34424.996094,16
34425.203125,16
34425.488281,16
34425.656250,16
34425.734375,16
34425.820312,16
34425.910156,16
34425.992188,16
34426.085938,16
34426.195312,16
34426.281250,16
34426.355469,16
34427.632812,16
34427.769531,16
34427.863281,16
34528.851562,16
34529.011719,17
34529.464844,17
34529.585938,17
34529.820312,17
34529.917969,17
34529.996094,17
34530.074219,17
34530.171875,17
34530.234375,17
34530.316406,17
34530.375000,17
34530.453125,17
34530.535156,17
34530.832031,17
34530.976562,17
34531.117188,17
34632.886719,17
34633.710938,18
34633.968750,18
34634.058594,18
34634.156250,18
34634.242188,18
34634.355469,18
34634.441406,18
34634.527344,18
34634.710938,18
34634.812500,18
34634.914062,18
34635.015625,18
34635.101562,18
34635.183594,18
34635.277344,18
34635.316406,18
34635.371094,18
34737.218750,18
34737.273438,19
34737.562500,19
34737.605469,19
34737.648438,19
34737.722656,19
34737.890625,19
34738.800781,19
34738.851562,19
34738.890625,19
34739.054688,19
34739.101562,19
34739.140625,19
34739.203125,19
34739.242188,19
34739.285156,19
